Train-loss,Val-loss
0.04904049618000334,0.048697564691463684
0.038799353510506084,0.044182622190961175
0.0347392471498508,0.043963348592056875
0.03172452612573798,0.046411768236058824
0.02916194227825859,0.04506163455625164
0.027397511331559894,0.0429037005462228
0.026448078386242434,0.043221664416821716
0.025783024586103247,0.04497637300494504
0.02499577810332214,0.0446792369450819
0.025301808616176837,0.04466500717829516
0.025177311957629272,0.044795503047235466
